First name,Last Name,Email Address,Choice 1,Choice 2,Choice P3
G,M,g,1,2,P3
J,M,j,2,1,P3
K,K,K,P3,2,1
P,C,p,P4,P3,2
O,T,t,P5,P4,P3
E,C,2,P6,P5,P4
R,C,r,P7,P6,P5
N,D,N,P8,P7,P6
B,W,b,P9,P8,P7
A,A,a,P10,P9,P8
L,M,l,P11,P10,P9
R,K,r,P12,P11,P10
Z,W,w,1,P12,P11
H,F,F,2,P3,P12
E,B,e,P3,2,P4
S,S,s,P4,2,P8
N,J,j,P5,2,P8
L,L,l,P6,2,P8
I,E,i,P7,P4,P8
A,T,a,P8,P5,P9
N,S,s,P9,P6,P8
J,T,j,P10,P7,P9
K,T,k,P11,P8,P9
E,G,e,P12,P9,P8
D,K,d,1,P10,P12
A,M,a,1,P11,P12
S,T,s,1,P12,P11
H,M,H,1,2,P10
A,P,a,1,2,P10
K,C,c,2,P3,P4
O,P,o,2,P3,P4
M,P,m,2,P3,P4
K,T,k,2,P3,P4
s,D,d,2,P4,P9
O,S,o,P3,P5,P8
M,T,m,P3,P6,P10
E,V,e,P3,P7,P11
B,Y,b,P3,P8,P9
Y,P,y,P3,P9,P7
M,Z,m,P3,P10,P7
V,P,v,P3,P11,P7
E,C,E,P4,P12,P7
E,M,m,P4,1,P7
S,S,S,P4,2,1
L,L,l,P4,P3,P3
A,A,a,P4,P5,P8
M,Z,m,1,P4,P6